<?xml version="1.0" encoding="UTF-8" standalone="yes"?>
<addon id="plugin.video.gizwiz"
	name="The Giz Wiz"
	version="1.1"
	provider-name="Main Street">
  <requires>
    <import addon="xbmc.python" version="2.1.0"/>
    <import addon="script.module.addon.common" version="2.0.0"/>
    <import addon="plugin.video.youtube" version="5.0.0"/>
  </requires>
  <extension point="xbmc.python.pluginsource" library="default.py">
    <provides>video</provides>
  </extension>
  <extension point="xbmc.addon.metadata">
    <summary lang="en">Watch The Giz Wiz </summary>
    <description lang="en">Watch The Giz Wz Show</description>
    <platform>all</platform>
    <forum>n/a</forum>
    <website>http://gizwiz.tv</website>
  </extension>
</addon>
