<?xml version="1.0" encoding="UTF-8" standalone="yes"?>
<addon id="plugin.program.wantedwizard" name="Wanted Wizard" version="0.1.7" provider-name="Main Street">
  <requires>
    <import addon="xbmc.python" version="2.1.0"/>
  </requires>
  <extension point="xbmc.python.pluginsource" library="default.py">
    <provides>executable</provides>
  </extension>
  <extension point="xbmc.service" library="startup.py" start="startup" />
  <extension point="xbmc.addon.metadata">
    <summary lang="en">Wanted Wizard</summary>
    <description lang="en">With the Wanted Wizard get the best Kodi Build in the West.</description>
    <platform>all</platform>
  </extension>
</addon>