<?xml version="1.0" encoding="UTF-8"?>
<addon id="plugin.program.xbmchub.notifications" version="99.0.2"
       name="Notifications" provider-name="tvaddons.ag">
  <requires>
  	<import addon="xbmc.python" version="2.1.0"/>
  	<import addon="script.module.addon.common" optional="true" />
  </requires>
  <extension point="xbmc.python.script" library="default.py">
    <provides>executable</provides>
  </extension>
  <extension point="xbmc.service" library="service.py" start="startup">
  </extension>
  <extension point="xbmc.addon.metadata">
  	<summary>Couch Surfer NEWS</summary>
  	<description>Receive Important Couch Surfer Build Notifications.</description>
  	<disclaimer></disclaimer>
  	<language>en</language>
  	<platform>all</platform>
  	<forum></forum>
  	<website></website>
  	<source></source>
  	<email></email>
  </extension>
</addon>
