<?xml version="1.0" encoding="UTF-8" standalone="yes"?>
<addon id="plugin.video.thewoo"
	name="Adam The Woo"
	version="1.1"
	provider-name="Main Street">
  <requires>
    <import addon="xbmc.python" version="2.1.0"/>
    <import addon="script.module.addon.common" version="2.0.0"/>
    <import addon="plugin.video.youtube" version="5.0.0"/>
  </requires>
  <extension point="xbmc.python.pluginsource" library="default.py">
    <provides>video</provides>
  </extension>
  <extension point="xbmc.addon.metadata">
    <summary lang="en">Adam The Woo</summary>
    <description lang="en">Watch Adam The Woo</description>
    <platform>all</platform>
    <forum>n/a</forum>
    <website>http://adamthewoo.tumblr.com/</website>
  </extension>
</addon>
