<?xml version="1.0" encoding="UTF-8" standalone="yes"?>
<addon id="plugin.program.couchsurfer" name="Couch Surfer Wizard" version="0.2.1" provider-name="Couch Surfer">
  <requires>
    <import addon="xbmc.python" version="2.1.0"/>
  </requires>
  <extension point="xbmc.python.pluginsource" library="default.py">
    <provides>executable</provides>
  </extension>
  <extension point="xbmc.service" library="startup.py" start="startup" />
  <extension point="xbmc.addon.metadata">
    <summary lang="en">Couch Surfer Wizard</summary>
    <description lang="en">Install and maintain the Couch Surfer Build</description>
    <platform>all</platform>
  </extension>
</addon>