<?xml version="1.0" encoding="UTF-8" standalone="yes"?>
<addon id="plugin.video.crabbyq"
	name="The Sewing Room"
	version="1.1"
	provider-name="Main Street">
  <requires>
    <import addon="xbmc.python" version="2.1.0"/>
    <import addon="script.module.addon.common" version="2.0.0"/>
    <import addon="plugin.video.youtube" version="5.0.0"/>
  </requires>
  <extension point="xbmc.python.pluginsource" library="default.py">
    <provides>video</provides>
  </extension>
  <extension point="xbmc.addon.metadata">
    <summary lang="en">Quilting and Sewing from Youtube</summary>
    <description lang="en">The Best Free Quilting and Sewing programs on Youtube</description>
    <platform>all</platform>
    <forum>n/a</forum>
    <website></website>
  </extension>
</addon>
