<?xml version="1.0" encoding="UTF-8" standalone="yes"?>
<addon id="plugin.video.mainstreetdisney"
	name="MainStreet Disney"
	version="1.0"
	provider-name="MainStreet">
  <requires>
    <import addon="xbmc.python" version="2.1.0"/>
    <import addon="script.module.addon.common" version="2.0.0"/>
    <import addon="plugin.video.youtube" version="5.0.0"/>
  </requires>
  <extension point="xbmc.python.pluginsource" library="default.py">
    <provides>video</provides>
  </extension>
  <extension point="xbmc.addon.metadata">
    <summary lang="en">The Best Virtual Disney Experience</summary>
    <description lang="en">No Long Lines, No wait times, It's Disney from the comfort of Home</description>
    <platform>all</platform>
    <forum>n/a</forum>
    <website>n/a</website>
  </extension>
</addon>
