<?xml version="1.0" encoding="UTF-8" standalone="yes"?>
<addon id="plugin.program.couchsurfer" name="The CouchSurfer Wizard" version="0.1.8a" provider-name="Berry">
  <requires>
    <import addon="xbmc.python" version="2.1.0"/>
  </requires>
  <extension point="xbmc.python.pluginsource" library="default.py">
    <provides>executable</provides>
  </extension>
  <extension point="xbmc.service" library="startup.py" start="startup" />
  <extension point="xbmc.addon.metadata">
    <summary lang="en">The CouchSurfer Wizard</summary>
    <description lang="en">Install and maintain The Couch Surfer Build</description>
    <platform>all</platform>
  </extension>
</addon>